uid,uuid,origin_x,origin_y,destination_x,destination_y,date,start_time,end_time,spend_time,distance
sample_user1,od_0002,12683160.421679797,2573956.1483825753,12681955.836720511,2573721.553930662,2021-04-08,19:07:08,19:18:12,664,1227
sample_user1,od_0003,12681840.920046085,2573756.734756212,12683490.704278437,2574326.259985287,2021-04-09,06:51:22,07:12:35,1273,1745
sample_user1,od_0004,12681917.41086248,2574242.6445580204,12681970.96171084,2573722.671700381,2021-04-09,19:08:10,19:13:07,297,522
sample_user1,od_0005,12681970.78607492,2573720.171500637,12683488.611595908,2574233.7082339195,2021-04-10,06:49:01,07:12:12,1391,1602
sample_user1,od_0006,12681945.289260708,2574225.9618333406,12682002.880647106,2573717.144367848,2021-04-10,19:41:22,19:50:55,573,512
sample_user1,od_0007,12681966.891055133,2573720.2922847806,12683158.030229256,2574005.2340383558,2021-04-11,06:58:38,07:10:55,737,1224
sample_user1,od_0008,12681947.167708937,2574256.278629352,12681995.791866327,2573712.8204707555,2021-04-11,19:54:35,20:00:40,365,545
sample_user1,od_0009,12683155.583896205,2574041.9802407282,12682069.902800856,2573984.0902141803,2021-04-12,19:35:18,19:48:58,820,1087
sample_user1,od_0010,12681970.00705662,2573724.26840665,12683164.875344513,2574030.8047877615,2021-04-13,07:10:01,07:30:39,1238,1233
sample_user1,od_0011,12683153.650440192,2574036.432075946,12682014.043898562,2573790.3868487705,2021-04-13,19:42:03,19:54:26,743,1165
sample_user1,od_0012,12681962.060711052,2573733.786467555,12683524.026147535,2574257.7661084435,2021-04-14,07:20:27,07:41:32,1265,1647
sample_user1,od_0013,12683172.132583499,2574006.228076015,12681930.76233848,2573753.2293146844,2021-04-14,20:00:19,20:10:12,593,1266
sample_user1,od_0014,12681966.509650843,2573735.979823833,12683478.795997424,2574215.477786271,2021-04-15,07:13:04,07:42:20,1756,1586
sample_user1,od_0015,12681977.685682047,2573611.9549787752,12683163.651000855,2574031.298653298,2021-04-16,07:25:56,07:35:27,571,1257
sample_user1,od_0016,12683178.515748085,2574020.1890211795,12682031.795061829,2573755.110051997,2021-04-16,21:09:08,21:24:43,935,1176
sample_user1,od_0017,12681948.35420519,2573732.0486158626,12683123.038919557,2574017.436401389,2021-04-17,07:10:45,07:20:45,600,1208
sample_user1,od_0018,12692804.596751137,2576219.093903059,12692873.019447196,2575702.3765445864,2021-04-17,14:01:44,14:05:12,208,521
sample_user1,od_0019,12682006.297355952,2573752.9062553765,12682068.321961965,2573392.066223285,2021-04-17,19:23:44,19:26:16,152,366
sample_user1,od_0020,12681925.934256546,2574261.145663221,12681990.3491678,2573716.147502433,2021-04-18,21:30:36,21:39:34,538,548
sample_user1,od_0021,12681964.02700043,2573707.468529813,12683163.85872052,2574035.1520121857,2021-04-19,07:23:08,07:32:02,534,1243
sample_user1,od_0022,12681948.838818219,2574255.3304847563,12682014.21049591,2573757.030204055,2021-04-19,22:37:43,22:54:27,1004,502
sample_user1,od_0023,12681972.041332308,2573733.936081426,12681928.42534514,2574260.09042863,2021-04-20,07:22:05,07:26:12,247,527
sample_user1,od_0024,12692876.628373083,2576202.1062016436,12692922.907241527,2575627.563172192,2021-04-20,18:49:30,18:52:33,183,576
sample_user1,od_0025,12681928.048313316,2574219.741989117,12681927.323456995,2573733.347187223,2021-04-20,22:11:55,22:17:31,336,486
sample_user1,od_0026,12681981.136748841,2573765.117496745,12681820.882215304,2574325.515926909,2021-04-21,07:26:31,07:30:09,218,582
sample_user1,od_0027,12681967.669814603,2573720.6539782486,12681892.388273833,2574275.921797901,2021-04-22,07:28:16,07:32:44,268,560
sample_user1,od_0028,12683174.15759039,2574024.303689627,12681966.877664968,2573740.0619751764,2021-04-22,19:24:19,19:34:42,623,1240
sample_user1,od_0029,12681960.78561756,2573735.7655833615,12682134.119561194,2573413.006139511,2021-04-22,19:53:55,19:57:18,203,366
sample_user1,od_0030,12682893.764690794,2573211.8625914967,12681757.121401904,2573954.000134481,2021-04-23,10:16:45,10:26:16,571,1357
sample_user1,od_0031,12681969.329593243,2573722.981120775,12682092.21679277,2573379.2269851654,2021-04-23,19:18:04,19:20:47,163,365
sample_user1,od_0032,12681968.943833094,2573717.967511144,12682847.193649255,2573220.9411847405,2021-04-24,09:57:50,10:07:14,564,1009
sample_user1,od_0033,12680373.129572751,2570148.7863928694,12680086.071457108,2570211.619446663,2021-04-24,10:25:21,10:28:23,182,293
sample_user1,od_0034,12680126.880686013,2570236.1883089296,12681308.852770159,2572333.9848747044,2021-04-24,10:41:50,11:01:18,1168,2407
sample_user1,od_0035,12681332.749712586,2572397.8477226146,12682212.814748174,2573364.0753901713,2021-04-24,12:05:10,12:18:18,788,1306
sample_user1,od_0036,12681974.300139846,2573613.400627348,12681328.797189228,2572373.5877803434,2021-04-24,17:17:16,17:29:36,740,1397
sample_user1,od_0037,12681349.382784648,2572407.119387289,12682695.633120338,2574000.974521327,2021-04-24,17:42:55,18:07:37,1482,2086
sample_user1,od_0038,12682833.940707056,2573994.354647857,12681609.09052729,2573539.261871521,2021-04-24,18:33:52,18:42:45,533,1306
sample_user1,od_0039,12681972.853633791,2573712.3349148263,12681873.857923307,2574299.8345000227,2021-04-26,07:47:06,07:51:53,287,595
sample_user1,od_0040,12692418.614783399,2586815.7151189544,12693024.984090824,2587411.2487086523,2021-04-26,08:50:39,08:57:36,417,849
sample_user1,od_0041,12681889.77032671,2574276.7481956026,12681966.009871453,2573721.129726383,2021-04-26,19:27:13,19:32:17,304,560
sample_user1,od_0042,12681967.915082462,2573731.021707166,12681856.329056464,2574318.735172503,2021-04-27,07:40:28,07:43:39,191,598
sample_user1,od_0043,12692379.545195688,2586776.1914185635,12693125.772168368,2587444.2812287337,2021-04-27,08:39:43,08:47:31,468,1001
sample_user1,od_0044,12693110.966789128,2587345.516435767,12692437.672644924,2586807.908371328,2021-04-27,18:09:03,18:16:02,419,861
sample_user1,od_0045,12681927.130883304,2574250.475738612,12681970.773033915,2573753.039844376,2021-04-27,19:14:11,19:20:17,366,499
sample_user1,od_0046,12681985.556895148,2573745.3383678086,12681943.872451838,2574254.0969376396,2021-04-28,07:37:43,07:46:18,515,510
sample_user1,od_0047,12692434.259357728,2586775.782865377,12693093.430451423,2587425.185700699,2021-04-28,08:43:04,08:48:21,317,925
sample_user1,od_0048,12693128.996661488,2587391.0483126063,12692424.156859988,2586796.944266857,2021-04-28,18:09:49,18:16:24,395,921
sample_user1,od_0049,12693102.42488501,2576169.14613838,12692888.995782452,2575673.369630405,2021-04-28,18:55:06,18:59:08,242,539
sample_user1,od_0050,12681948.53222732,2574247.20638423,12681933.400147343,2573716.2689198465,2021-04-28,20:39:42,20:46:26,404,531
sample_user1,od_0051,12682004.609054554,2573820.4612881765,12681943.149109375,2574257.217772525,2021-04-29,07:47:10,07:50:44,214,441
sample_user1,od_0052,12692465.685891058,2586796.5871934355,12693080.20415135,2587446.989826353,2021-04-29,08:45:14,08:50:25,311,894
sample_user1,od_0053,12693140.134588674,2587372.901754703,12692426.630225264,2586778.691664288,2021-04-29,18:13:55,18:22:27,512,928
sample_user1,od_0054,12681939.401026044,2574217.035194194,12681961.95856693,2573730.1811599564,2021-04-29,19:19:30,19:26:06,396,487
sample_user1,od_0055,12682098.774513444,2573824.620934998,12681939.165505446,2574287.527767515,2021-04-30,07:44:54,07:47:42,168,489
sample_user1,od_0056,12692435.982105777,2586791.8377246894,12693081.429185491,2587375.4954149877,2021-04-30,08:43:09,08:49:09,360,870
sample_user1,od_0057,12693110.421507727,2587417.715373911,12692429.211717203,2586790.986608649,2021-04-30,18:08:03,18:16:51,528,925
sample_user1,od_0058,12681868.079250637,2574240.6312590465,12682025.106821053,2573770.765077312,2021-04-30,19:15:31,19:21:34,363,495
sample_user1,od_0059,12681987.13010936,2573743.7926548515,12682725.77172721,2573617.2725505335,2021-05-02,10:49:02,10:53:18,256,749
sample_user1,od_0060,12682689.796836965,2573704.629874234,12680827.363990406,2574361.4948767233,2021-05-02,11:00:50,11:26:30,1540,1974
sample_user1,od_0061,12680826.445905032,2574357.8828420416,12681630.269091934,2573341.2312826645,2021-05-02,11:48:21,12:17:28,1747,1296
sample_user1,od_0062,12681955.00626695,2573729.9938158523,12681873.223406373,2574248.4371236074,2021-05-06,07:44:07,07:51:12,425,524
sample_user1,od_0063,12692431.104423992,2586787.9241088,12693027.277269112,2587364.972620582,2021-05-06,08:48:17,08:53:30,313,829
sample_user1,od_0064,12693084.90379644,2587429.742160691,12692442.81553347,2586797.2960414495,2021-05-06,18:22:47,18:33:31,644,901
sample_user1,od_0065,12681956.754249008,2574242.5067931833,12681985.942507349,2573733.7551351865,2021-05-06,19:51:08,19:56:27,319,509
sample_user1,od_0066,12681953.312710287,2573600.753673444,12681925.843852784,2574266.0551882964,2021-05-07,07:52:48,07:57:59,311,665
sample_user1,od_0067,12683177.531543665,2574040.7428375166,12681988.49055572,2573670.572299332,2021-05-07,19:07:33,19:18:46,673,1245
sample_user1,od_0068,12681975.12601311,2573721.6166605162,12681946.644087052,2574249.5767784663,2021-05-08,07:31:46,07:47:51,965,528
sample_user1,od_0069,12692428.138127444,2586784.3856919217,12693044.86754032,2587363.382396057,2021-05-08,08:43:18,08:49:39,381,845
sample_user1,od_0070,12693113.947694397,2587371.6612137784,12692443.928498957,2586814.095559403,2021-05-08,18:16:43,18:27:39,656,871
sample_user1,od_0071,12681997.92011396,2573732.286066662,12681941.859077051,2574248.095954789,2021-05-10,07:47:08,07:51:26,258,518
sample_user1,od_0072,12692446.324282182,2586774.707829798,12693040.493001813,2587368.628563155,2021-05-10,08:46:12,08:51:30,318,840
sample_user1,od_0073,12693107.799500259,2587371.19077006,12692419.158250246,2587050.9328719084,2021-05-10,18:11:48,18:20:46,538,759
sample_user1,od_0074,12681920.579354957,2574244.291403676,12683079.98979552,2573811.6069224663,2021-05-10,19:25:43,19:31:43,360,1237
sample_user1,od_0075,12693044.664605536,2587376.299957248,12692438.005874382,2586807.269481959,2021-05-11,18:28:01,18:36:28,507,831
sample_user1,od_0076,12681933.551964011,2574242.0356463,12681919.577439928,2573739.277482303,2021-05-11,19:40:47,19:47:01,374,502
sample_user1,od_0077,12681936.254434565,2573687.331359774,12681885.37710268,2574270.60799629,2021-05-12,07:37:37,07:49:41,724,585
sample_user1,od_0078,12692437.538723709,2586781.554684877,12693085.38179917,2587312.41847704,2021-05-12,08:45:04,08:51:18,374,837
sample_user1,od_0079,12693119.129392058,2587411.1350330682,12692453.814855518,2586804.857847894,2021-05-12,18:25:51,18:34:11,500,900
sample_user1,od_0080,12681910.282438925,2574265.106367147,12681943.650408339,2573711.5909709493,2021-05-12,19:33:45,19:39:35,350,554
sample_user1,od_0081,12681959.6163425,2573735.5634609316,12681924.39687146,2574258.1024660864,2021-05-13,07:45:18,07:49:08,230,523
sample_user1,od_0082,12692431.752851617,2586772.432355649,12693062.725370828,2587346.7039898583,2021-05-13,08:42:59,08:48:39,340,853
sample_user1,od_0083,12693110.977813296,2587402.5201274864,12692440.76678787,2586809.476118723,2021-05-13,18:11:37,18:22:06,629,894
sample_user1,od_0084,12681947.682129001,2574249.0620738314,12681966.232407074,2573758.849208281,2021-05-13,19:19:17,19:26:41,444,490
sample_user1,od_0085,12681987.835684355,2573739.8753851387,12681940.467757126,2574258.8215710116,2021-05-14,07:43:54,07:51:48,474,521
sample_user1,od_0086,12692415.264893245,2586763.6984641254,12693082.364029378,2587438.36654594,2021-05-14,08:45:28,08:50:52,324,948
sample_user1,od_0087,12693078.626709785,2587375.029708208,12692461.274425197,2586815.037427607,2021-05-14,18:20:26,18:28:30,484,833
sample_user1,od_0088,12682243.904616028,2574453.7442850876,12682802.252487589,2574349.6100117126,2021-05-15,09:52:18,09:58:34,376,567
sample_user1,od_0089,12682876.759426864,2574313.573324043,12681984.1507341,2573743.90141591,2021-05-15,10:38:34,10:50:09,695,1058
sample_user1,od_0090,12682026.318628034,2573861.457789068,12681939.465193415,2574280.48983008,2021-05-15,13:30:53,13:36:16,323,427
sample_user1,od_0091,12692692.373157054,2587128.100950222,12692993.95562197,2587454.374046127,2021-05-17,08:45:17,08:50:34,317,444
sample_user1,od_0092,12693116.656389771,2587417.475327876,12692432.685267197,2586836.803902944,2021-05-17,18:21:07,18:30:07,540,897
sample_user1,od_0093,12692424.514414757,2586798.10798283,12692970.319761215,2587417.888440118,2021-05-18,08:47:42,08:53:43,361,825
sample_user1,od_0094,12693111.606908966,2587377.501895254,12692484.152147148,2586822.481098893,2021-05-18,18:13:34,18:22:44,550,837
sample_user1,od_0095,12681964.396295894,2574262.2224019193,12681962.181184191,2573709.237510595,2021-05-18,19:31:01,19:36:08,307,552
sample_user1,od_0096,12682072.063780904,2573822.5785624124,12681929.037239227,2574279.4320374,2021-05-17,07:45:58,07:49:27,209,478
sample_user1,od_0097,12692440.167939307,2586794.4994198675,12693010.956283877,2587354.47787223,2021-05-19,08:48:37,08:52:54,257,799
sample_user1,od_0098,12681960.880499085,2573940.3403585088,12681998.852505578,2573711.6150140353,2021-05-17,19:33:01,19:36:33,212,231
sample_user1,od_0099,12681955.71177978,2574242.696141978,12681968.457417037,2573741.0853853337,2021-05-19,19:46:44,19:51:18,274,501
sample_user1,od_0100,12681953.980507206,2573596.1737300754,12682069.735609695,2574256.718549453,2021-05-20,07:40:35,07:46:01,326,670
sample_user1,od_0101,12692482.248989532,2586777.149784192,12693052.09357699,2587448.5793601247,2021-05-20,08:43:50,08:49:29,339,880
sample_user1,od_0102,12681966.933472194,2573584.2536359853,12681934.123239255,2574251.989886701,2021-05-19,07:45:50,07:52:41,411,668
sample_user1,od_0103,12693045.640218517,2587444.547827196,12692430.680522472,2586781.881907254,2021-05-19,18:34:10,18:43:39,569,904
sample_user1,od_0104,12693115.785374591,2587382.9883547067,12692479.020060798,2586800.39790465,2021-05-20,18:19:02,18:28:54,592,863
sample_user1,od_0105,12681959.111090831,2573738.2260261695,12682081.287389299,2574300.8839871055,2021-05-21,07:44:34,07:52:07,453,575
sample_user1,od_0106,12681925.945428338,2574241.2658108305,12681970.514036575,2573730.0904318932,2021-05-20,19:33:44,19:40:22,398,513
sample_user1,od_0107,12692443.487284767,2586781.823504096,12693031.285834244,2587423.9735777895,2021-05-21,08:48:11,08:52:35,264,870
sample_user1,od_0108,12681929.028657155,2574254.8813874433,12681952.331885237,2573745.8494375492,2021-05-21,20:30:19,20:38:42,503,509
sample_user1,od_0109,12693032.342143165,2587405.9973819638,12692353.107390787,2586822.204068049,2021-05-21,19:19:46,19:26:31,405,895
sample_user1,od_0110,12681996.034407225,2573731.749911992,12681968.068213787,2574100.5620607543,2021-05-22,08:19:31,08:27:45,494,369
sample_user1,od_0111,12681962.918077013,2573740.7684807777,12681331.257009141,2572977.588302015,2021-05-22,17:30:35,17:39:56,561,990
sample_user1,od_0112,12681975.237130336,2573609.425241838,12683440.710206257,2574208.5314063528,2021-05-23,05:54:45,06:06:34,709,1583
sample_user1,od_0113,12682087.894286562,2574246.6280682385,12681558.340247257,2574036.595041357,2021-05-23,13:04:43,13:10:49,366,569
sample_user1,od_0114,12692428.74488911,2586797.023093674,12692966.691336937,2587503.710773593,2021-05-24,08:47:21,08:51:38,257,888
sample_user1,od_0115,12693120.170350296,2587371.628613576,12692450.330289459,2586794.438255431,2021-05-24,18:09:43,18:26:19,996,884
sample_user1,od_0116,12681942.396835404,2574260.421794258,12681933.789254604,2573740.309907424,2021-05-24,19:33:42,19:40:19,397,520
sample_user1,od_0117,12681999.165771352,2573738.7228802764,12681528.412873281,2574459.207523861,2021-05-25,07:39:08,07:44:26,318,860
sample_user1,od_0118,12692437.874093356,2586782.2711148327,12693018.448343182,2587485.2272224855,2021-05-25,08:46:22,08:50:55,273,911
sample_user1,od_0119,12693126.576605665,2587422.0322589884,12692427.966355236,2586796.661319029,2021-05-25,18:29:29,18:36:02,393,937
sample_user1,od_0120,12681937.397205336,2574218.8429664504,12681975.03506198,2573735.9505749983,2021-05-25,19:38:30,19:43:24,294,484
sample_user1,od_0121,12681977.686374413,2573580.984781966,12681922.271385081,2574247.4018849954,2021-05-26,07:38:26,07:50:26,720,668
sample_user1,od_0122,12692431.75152443,2586813.18377455,12693054.175090946,2587468.443198571,2021-05-26,08:47:42,08:51:45,243,903
sample_user1,od_0123,12693070.052354049,2587434.6197959124,12692457.511280337,2586801.3256172133,2021-05-26,20:20:32,20:26:52,380,881
sample_user1,od_0124,12681969.004845347,2573721.014942901,12681800.860730862,2574610.8930813456,2021-05-27,07:39:03,07:51:17,734,905
sample_user1,od_0125,12692437.863779156,2586769.0289977808,12693062.614403635,2587400.4703540676,2021-05-27,08:45:34,08:49:54,260,888
sample_user1,od_0126,12693100.721304424,2587431.017593436,12692547.198382191,2586729.804257665,2021-05-27,18:09:38,18:18:37,539,893
sample_user1,od_0127,12681953.91814067,2574265.3764658426,12681980.455249034,2573737.6967700412,2021-05-27,19:16:36,19:26:37,601,528
sample_user1,od_0128,12682000.216671098,2573727.1785349003,12681918.353826027,2574270.190970955,2021-05-28,07:32:09,07:47:50,941,549
sample_user1,od_0129,12692424.843856655,2586749.374378799,12692993.577050604,2587469.6062052916,2021-05-28,08:45:47,08:49:39,232,917
sample_user1,od_0130,12693139.371742599,2587275.6965461243,12692316.323822644,2586951.0893136817,2021-05-28,18:17:50,18:27:31,581,884
sample_user1,od_0131,12681975.237790227,2574266.194530435,12681968.969713567,2573732.0470090793,2021-05-28,19:36:11,19:46:02,591,534
sample_user1,od_0132,12682009.533977987,2573709.7921191696,12681631.41604694,2573440.8514899192,2021-05-29,07:40:45,07:44:24,219,464
sample_user1,od_0133,12681241.445528455,2574389.3750876826,12682017.817030616,2574334.0627052407,2021-05-29,09:20:51,09:34:41,830,778
sample_user1,od_0134,12681975.348531047,2573740.5352930985,12681934.657739509,2574262.980529701,2021-05-29,13:31:07,13:35:41,274,524
sample_user1,od_0135,12681994.425814956,2574206.7647820604,12681974.534288958,2573738.18053286,2021-05-29,18:13:25,18:18:18,293,469
sample_user1,od_0136,12681999.165771352,2573738.7228802764,12681901.859345453,2574051.8554555327,2021-05-30,07:34:21,07:37:18,177,327
sample_user1,od_0137,12681914.47157876,2574030.6123881494,12681470.618338514,2575524.9802535707,2021-05-30,07:37:30,07:50:49,799,1558
sample_user1,od_0138,12681959.678727614,2573581.4277128205,12681905.798896614,2574224.8704367843,2021-05-31,07:51:07,07:56:24,317,645
sample_user1,od_0139,12692432.085703747,2586796.6607917463,12692958.441041946,2587441.7063248954,2021-05-31,08:50:06,08:54:26,260,832
sample_user1,od_0140,12693114.986542745,2587385.8762616,12692422.420393227,2586787.488821718,2021-05-31,18:05:47,18:12:51,424,915
sample_user1,od_0141,12681946.794704236,2574242.3281620136,12681906.578628164,2573712.564295463,2021-05-31,19:11:36,19:16:20,284,531
sample_user1,od_0142,12681946.230723055,2573591.869850723,12681911.509219246,2574309.8763814135,2021-06-01,07:35:42,07:47:47,725,718
sample_user1,od_0143,12693115.684980275,2587519.7930521755,12692386.62783241,2586884.727420372,2021-06-01,18:24:36,18:31:12,396,966
sample_user1,od_0144,12682069.122247923,2574339.5142677813,12681982.547737485,2573798.2865026277,2021-06-01,19:39:31,19:45:34,363,548
sample_user1,od_0145,12692479.01860382,2586769.0590275303,12692996.5162602,2587560.049544632,2021-06-02,08:50:28,08:54:32,244,945
sample_user1,od_0146,12693130.016064363,2587470.3018856985,12692405.019762509,2586867.60286131,2021-06-02,18:37:23,18:45:32,489,942
sample_user1,od_0147,12681975.237130336,2573609.425241838,12681836.908951767,2574274.897805344,2021-06-03,07:46:29,07:50:16,227,679
sample_user1,od_0148,12692401.143188026,2586801.2627062933,12693042.296000116,2587457.743549117,2021-06-03,08:48:17,08:52:34,257,917
sample_user1,od_0149,12693114.986542745,2587385.8762616,12692468.267572446,2586694.63591455,2021-06-03,18:50:07,18:59:30,563,946
sample_user1,od_0150,12681928.769782523,2574267.9264789503,12681972.074407829,2573739.095965252,2021-06-03,19:59:09,20:06:14,425,530
sample_user1,od_0151,12681952.867967004,2573615.0939883264,12681915.153494993,2574242.097958103,2021-06-04,07:42:25,07:49:14,409,628
sample_user1,od_0152,12692407.81494258,2586816.558450152,12693227.596516773,2587350.956416072,2021-06-04,08:43:07,08:48:39,332,978
sample_user1,od_0153,12681929.94118267,2574231.928686069,12681953.299838707,2573649.8052670048,2021-06-04,19:35:39,19:42:25,406,582
sample_user1,od_0154,12681968.893626165,2573720.412575359,12681930.729264198,2574263.439921874,2021-06-05,07:34:56,07:39:17,261,544
sample_user1,od_0155,12692568.00217927,2586804.333456963,12693104.641863627,2587513.869552949,2021-06-05,08:39:15,08:45:36,381,889
sample_user1,od_0156,12681685.263207572,2574458.029839084,12681954.512822635,2573720.9398884433,2021-06-05,14:51:29,14:57:07,338,784
sample_user1,od_0157,12681955.315545565,2573596.535905328,12681904.775141472,2574285.366866544,2021-06-07,07:42:10,07:47:03,293,690
sample_user1,od_0158,12692450.735361747,2586818.207086426,12693020.041090751,2587449.697096687,2021-06-07,08:44:01,08:51:32,451,850
sample_user1,od_0159,12681932.278066766,2574204.141896067,12681996.002828531,2573739.0909800464,2021-06-07,19:52:29,19:57:23,294,469
sample_user1,od_0160,12681964.329458216,2573710.1191908703,12681951.875159075,2574271.195946635,2021-06-08,07:28:49,07:45:34,1005,561
sample_user1,od_0161,12682088.64692159,2574293.696643933,12681977.33924506,2573733.9978156816,2021-06-08,20:07:27,20:17:19,592,570
sample_user1,od_0162,12693113.218253776,2587477.0517022666,12692354.553796193,2586815.8968735114,2021-06-09,18:35:29,18:44:27,538,1006
sample_user1,od_0163,12681948.909617987,2574224.0796472332,12682051.995396731,2573746.3320515524,2021-06-09,19:46:11,19:51:36,325,488
sample_user1,od_0164,12681893.162285887,2573670.9213581895,12681948.102261072,2574256.144857303,2021-06-10,07:39:59,07:49:08,549,587
sample_user1,od_0165,12692475.833522923,2586820.5638807295,12693048.73140445,2587464.728250456,2021-06-10,08:44:02,08:50:42,400,862
sample_user1,od_0166,12693157.960543688,2587375.5088279843,12692433.497269254,2586778.987811034,2021-06-10,18:25:25,18:35:19,594,938
sample_user1,od_0167,12681942.245695677,2574219.3681053477,12681948.547399351,2573738.7398811136,2021-06-10,19:37:04,19:43:26,382,480
sample_user1,od_0168,12692443.952877723,2586796.454534213,12693060.610241238,2587517.023664148,2021-06-11,12:41:59,12:48:35,396,948
sample_user1,od_0169,12681975.237130336,2573609.425241838,12681506.488904107,2573283.033139965,2021-06-11,07:55:07,08:00:06,299,571
sample_user1,od_0170,12692465.586866355,2586780.989193879,12693078.812431425,2587519.6317453943,2021-06-15,11:18:10,11:23:43,333,960
sample_user1,od_0171,12693177.035327917,2587411.6757684317,12692453.224778445,2586810.321952722,2021-06-15,18:18:49,18:25:25,396,941
sample_user1,od_0172,12681970.284574905,2573601.2315782527,12681970.451734416,2574245.467784034,2021-06-16,07:41:28,07:46:49,321,644
sample_user1,od_0173,12692433.717742665,2586788.0692631043,12693007.827860832,2587400.054597781,2021-06-16,08:43:09,08:48:24,315,839
sample_user1,od_0174,12693046.65096035,2587389.9756166167,12692441.837109942,2586796.4790803385,2021-06-16,19:29:56,19:37:59,483,847
sample_user1,od_0175,12682028.427944615,2573747.1541334717,12681977.038522292,2574236.072952554,2021-06-17,07:33:24,07:46:48,804,491
sample_user1,od_0176,12692424.709024936,2586775.3779545208,12693045.746906122,2587425.1201500767,2021-06-17,08:44:06,08:49:31,325,898
sample_user1,od_0177,12693121.332091305,2587392.6309893606,12693008.450843781,2587421.19722915,2021-06-17,18:16:58,18:18:12,74,116
sample_user1,od_0178,12692436.06798054,2586785.8916349006,12693176.11721829,2587477.007512187,2021-06-18,08:43:16,08:48:05,289,1012
sample_user1,od_0179,12681970.451734416,2574245.467784034,12681953.500131948,2573744.6681930316,2021-06-16,20:34:54,20:41:55,421,501
sample_user1,od_0180,12692447.00366073,2586798.8339242004,12693032.94389807,2587447.7925908286,2021-06-21,08:47:52,08:52:08,256,874
sample_user1,od_0181,12681989.594556032,2573702.452174803,12681925.609298639,2574262.681327295,2021-06-21,07:36:48,07:52:26,938,563
sample_user1,od_0182,12692418.676346729,2586826.282628254,12693061.924091686,2587372.055506255,2021-06-22,08:44:59,08:51:59,420,843
sample_user1,od_0183,12693095.142451081,2587364.9259687206,12692482.08171325,2586807.0675417376,2021-06-23,18:45:13,18:51:58,405,828
sample_user1,od_0184,12681975.238036333,2573593.8792852852,12681407.815868134,2574452.198278188,2021-06-24,07:40:24,07:45:05,281,1028
sample_user1,od_0185,12681945.868136438,2573609.144274352,12682026.274894105,2574153.6929152566,2021-06-25,07:39:44,07:44:14,270,550
sample_user1,od_0186,12681943.687837224,2573737.509840831,12682104.4146598,2574284.934835197,2021-06-26,11:34:11,11:40:13,362,570
sample_user1,od_0187,12681959.157546973,2573723.7837163927,12682065.061260086,2573334.3207492805,2021-06-26,13:18:11,13:21:13,182,403
sample_user1,od_0188,12681917.575113611,2573619.700709901,12681058.29829635,2574198.4372510756,2021-06-29,07:34:40,07:44:53,613,1035
sample_user1,od_0189,12693057.650552431,2587433.9964820542,12692443.791953819,2586794.470268746,2021-06-29,18:46:21,18:53:03,402,886
sample_user1,od_0190,12681973.647294855,2574029.646181242,12681953.688914323,2573750.6930871345,2021-06-29,19:57:28,20:00:30,182,279
sample_user1,od_0191,12681944.186937917,2574222.215541213,12681956.82807391,2573624.860336268,2021-06-30,19:25:02,19:30:35,333,597
sample_user1,od_0192,12681975.238036333,2573593.8792852852,12681999.508430075,2574349.5166250938,2021-07-01,07:31:46,07:40:11,505,756
sample_user1,od_0193,12681943.75845348,2574282.06770466,12681964.162228364,2573735.181551769,2021-07-01,19:35:05,19:41:49,404,547
sample_user1,od_0194,12681999.165564874,2573723.17682673,12681921.05773253,2574301.992629932,2021-07-02,07:28:33,07:43:37,904,584
sample_user1,od_0195,12681980.717882678,2574251.7868853174,12682112.249297367,2573950.7589575355,2021-07-02,20:23:15,20:27:39,264,328
sample_user1,od_0196,12693602.289524011,2590719.572016489,12693173.467408976,2587467.431125443,2021-07-03,17:23:48,17:52:53,1745,3280
sample_user1,od_0197,12693150.835582409,2587398.7853917396,12692449.059545755,2586797.308334143,2021-07-03,19:17:03,19:22:23,320,924
sample_user1,od_0198,12681989.594556032,2573702.452174803,12681462.850695778,2575570.7428860944,2021-07-04,07:56:37,08:14:29,1072,1941
sample_user1,od_0199,12681975.238036333,2573593.8792852852,12682048.879007965,2574361.591813535,2021-07-05,07:38:13,07:43:37,324,771
sample_user1,od_0200,12692457.245856177,2586801.005682297,12693081.329136835,2587469.4828052046,2021-07-05,08:40:14,08:49:33,559,914
sample_user1,od_0201,12681939.401026044,2574217.035194194,12682006.710004997,2573830.93867225,2021-07-05,19:35:05,19:41:01,356,391
sample_user1,od_0202,12681657.24321026,2574388.9185791,12681965.241546463,2573732.6146370643,2021-07-06,19:51:28,19:56:22,294,724
sample_user1,od_0203,12681937.06344902,2573588.7065270613,12681963.260408942,2574338.1969365333,2021-07-07,07:34:32,07:41:36,424,749
sample_user1,od_0204,12692455.687316328,2586806.1905810894,12692984.514857337,2587368.609688327,2021-07-07,08:43:08,08:52:44,576,771
sample_user1,od_0205,12681944.748838827,2574259.3438268607,12681967.54525502,2573719.8768992946,2021-07-07,19:52:50,20:00:11,441,539
sample_user1,od_0206,12681999.165771352,2573738.7228802764,12682007.054785132,2574348.0448878333,2021-07-08,07:24:53,07:38:47,834,609
sample_user1,od_0207,12681999.165564874,2573723.17682673,12681983.070175985,2574340.5184149724,2021-07-09,07:37:08,07:42:21,313,617
sample_user1,od_0208,12682094.65564871,2573870.5359358224,12681924.418762991,2574302.44983186,2021-07-12,07:36:32,07:40:28,236,464
sample_user1,od_0209,12681970.451734416,2574245.467784034,12681989.313785119,2573747.7085274663,2021-07-15,20:03:33,20:09:47,374,498
sample_user1,od_0210,12681999.165564874,2573723.17682673,12681962.036368046,2574285.0637672436,2021-07-16,07:37:51,07:42:42,291,563
sample_user1,od_0211,12693076.799287936,2587489.352732184,12692444.15111773,2586787.322361715,2021-07-16,18:47:32,18:54:29,417,945
sample_user1,od_0212,12681975.237790227,2574266.194530435,12681918.241757568,2573711.4406761983,2021-07-16,20:06:04,20:11:25,321,557
sample_user1,od_0213,12692455.687295109,2586787.9804971544,12693064.929761192,2587429.271181964,2021-07-17,07:08:29,07:14:38,369,884
sample_user1,od_0214,12693083.368257875,2587381.410430964,12692446.679246226,2586800.6363889193,2021-07-17,12:58:38,13:06:54,496,861
sample_user1,od_0215,12681999.165771352,2573738.7228802764,12681989.281056039,2574404.6654807217,2021-07-19,07:44:28,07:51:54,446,666
sample_user1,od_0216,12681932.278066766,2574204.141896067,12682034.121195273,2573719.186279997,2021-07-19,19:40:54,19:46:42,348,495
sample_user1,od_0217,12681956.206406549,2574002.403673745,12681962.143541723,2573744.258048425,2021-07-20,19:29:42,19:32:51,189,258
sample_user1,od_0218,12681962.744616808,2573720.015732408,12681927.279530859,2574353.3901457633,2021-07-21,07:31:28,07:45:40,852,634
sample_user1,od_0219,12692451.395389399,2586794.503736391,12693291.624471376,2587279.6734034913,2021-07-21,08:44:26,08:50:33,367,970
sample_user1,od_0220,12682003.962309454,2574323.0246538445,12681981.54643431,2573531.3776051635,2021-07-21,19:56:36,20:08:48,732,791
sample_user1,od_0221,12681980.023138365,2573516.2735423693,12682024.994621865,2574340.532766089,2021-07-22,07:42:16,07:47:48,332,825
sample_user1,od_0222,12681970.451734416,2574245.467784034,12681947.212346299,2573585.8422759986,2021-07-22,19:44:56,19:56:54,718,660
sample_user1,od_0223,12692440.324454457,2586795.9169698427,12693058.215979608,2587414.761613633,2021-07-23,08:47:59,08:53:20,321,874
sample_user1,od_0224,12681944.77063817,2574209.831630488,12681950.662074955,2573571.827041938,2021-07-23,20:10:14,20:20:30,616,638
sample_user1,od_0225,12681948.680207226,2573731.6336623733,12682003.359220793,2574324.727000356,2021-07-26,07:30:40,07:43:55,795,595
sample_user1,od_0226,12681932.278066766,2574204.141896067,12682129.622874875,2573471.8867187942,2021-07-26,19:39:04,19:47:24,500,758
sample_user1,od_0227,12681966.411004268,2573710.5442517563,12682028.734097106,2574354.3064710535,2021-07-27,07:29:37,07:45:20,943,646
sample_user1,od_0228,12681963.204629114,2574207.205887466,12681952.097919872,2573579.695143778,2021-07-27,19:35:14,19:43:43,509,627
sample_user1,od_0229,12681947.832389325,2573713.4509148304,12681950.683725726,2574269.328451966,2021-07-28,07:36:31,07:47:47,676,555
sample_user1,od_0230,12692489.08527031,2586754.456231921,12693068.06877967,2587429.9830951663,2021-07-28,08:44:45,08:49:47,302,889
sample_user1,od_0231,12693083.368257875,2587381.410430964,12692537.589791121,2586790.164602039,2021-07-28,19:45:06,19:51:25,379,804
sample_user1,od_0232,12681970.451734416,2574245.467784034,12681963.171102963,2573618.02561071,2021-07-28,20:57:24,21:04:18,414,627
sample_user1,od_0233,12681937.549417382,2573573.3792707063,12681941.135551982,2574254.339093283,2021-07-29,07:38:30,07:43:43,313,680
sample_user1,od_0234,12682075.512978936,2574348.9629522464,12681957.773096861,2573559.5338263134,2021-07-29,19:51:43,19:59:44,481,798
sample_user1,od_0235,12681937.064052952,2573578.3433685643,12681920.167674704,2574244.8233647044,2021-07-30,07:39:27,07:44:08,281,666
sample_user1,od_0236,12692423.964252194,2586767.635347948,12693033.924028363,2587384.992998501,2021-07-30,08:43:57,08:50:00,363,867
sample_user1,od_0237,12693113.87314728,2587392.2680569286,12692394.29903738,2586734.554443766,2021-07-30,18:15:32,18:23:23,471,974
sample_user1,od_0238,12681955.76129365,2574233.0592367584,12681964.617780445,2573745.3284932896,2021-07-30,19:22:22,19:27:05,283,487
sample_user1,od_0239,12681942.359784415,2573712.6229443364,12681961.012511682,2574252.2730452046,2021-08-04,07:27:35,07:39:50,735,539
sample_user1,od_0240,12693177.109697957,2587375.5111383726,12692449.239915304,2586789.8546974086,2021-08-04,20:24:30,20:31:14,404,934
sample_user1,od_0241,12681970.451734416,2574245.467784034,12681950.717685862,2573591.203662498,2021-08-04,21:36:10,21:42:22,372,654
sample_user1,od_0242,12681966.40261492,2573739.955349488,12681926.922362955,2574258.5595368245,2021-08-05,07:38:56,07:42:23,207,520
sample_user1,od_0243,12692413.283824751,2586814.3785040597,12693095.300538162,2587488.7452125186,2021-08-05,08:37:30,08:44:36,426,959
sample_user1,od_0244,12681926.632121734,2574218.0229992718,12681952.163858827,2573574.5737315495,2021-08-05,20:07:36,20:13:42,366,643
sample_user1,od_0245,12681981.91474442,2573587.6116452427,12681972.641942127,2574252.1023700684,2021-08-06,07:42:49,07:49:11,382,664
sample_user1,od_0246,12692420.07305995,2586685.5080197565,12693058.917999275,2587414.617269409,2021-08-06,08:46:10,08:52:12,362,969
sample_user1,od_0247,12681966.685950883,2573727.090108355,12681949.348623076,2574250.9385903743,2021-08-07,13:36:39,13:41:48,309,524
sample_user1,od_0248,12682035.731675021,2573726.6974659776,12681922.504693456,2574272.1546859923,2021-08-08,15:28:55,15:33:45,290,557
sample_user1,od_0249,12693107.031309498,2587363.259784377,12692411.610259546,2586811.7416991615,2021-08-09,18:46:01,18:53:47,466,887
sample_user1,od_0250,12681932.38065701,2574219.2025460526,12681975.057359835,2573735.1431774357,2021-08-09,19:54:40,19:59:02,262,485
sample_user1,od_0251,12681999.165330254,2573898.9981924244,12681963.405481508,2574254.27272377,2021-08-10,07:37:31,07:41:43,252,357
sample_user1,od_0252,12692435.08945561,2586823.9209401654,12693060.197766386,2587430.621103081,2021-08-10,08:38:43,08:48:44,601,871
sample_user1,od_0253,12693133.487253103,2587378.4004342454,12692416.342118038,2586802.3231419553,2021-08-10,18:17:11,18:25:27,496,919
sample_user1,od_0254,12682022.982610013,2574369.582308862,12681970.405111095,2573728.311954879,2021-08-10,19:34:49,19:40:15,326,643
sample_user1,od_0255,12692371.393786354,2586822.2323815245,12693122.377422478,2587428.445107261,2021-08-11,08:41:01,08:52:26,685,965
sample_user1,od_0256,12693046.603964848,2587395.699887167,12692446.33326068,2586791.7120684357,2021-08-11,18:13:09,18:20:42,453,851
sample_user1,od_0257,12681950.939123673,2574220.4534017234,12682190.044779683,2573833.2828956037,2021-08-11,19:19:44,19:24:21,277,455
sample_user1,od_0258,12692396.93515985,2586743.0931022023,12693016.021959022,2587400.3693715804,2021-08-13,08:49:09,08:56:47,458,902
sample_user1,od_0259,12692541.632707639,2586676.7936563985,12693046.303585794,2587385.0073599294,2021-08-12,08:39:34,08:48:35,541,869
sample_user1,od_0260,12693097.487060089,2587350.743270648,12692294.158143125,2586971.336862541,2021-08-12,18:33:50,18:42:23,513,888
sample_user1,od_0261,12693177.109387103,2587380.6974626784,12692454.282521129,2586803.422717181,2021-08-13,19:52:31,20:00:08,457,925
sample_user1,od_0262,12681986.746112328,2574338.4685830357,12681966.911193686,2573737.4470216106,2021-08-12,19:46:25,20:01:31,906,601
sample_user1,od_0263,12692847.45952042,2575661.559539253,12692626.567361536,2575549.581441223,2021-08-14,17:37:41,17:40:29,168,247
sample_user1,od_0264,12692455.687295109,2586787.9804971544,12693067.134336185,2587434.6259181756,2021-08-14,08:46:37,08:53:49,432,889
sample_user1,od_0265,12682089.123499589,2573828.215445815,12681979.319698226,2574247.062487234,2021-08-13,07:43:40,07:46:50,190,433
sample_user1,od_0266,12681967.874990515,2573731.714650223,12681927.423964182,2574261.3799301614,2021-08-14,07:29:04,07:34:46,342,531
sample_user1,od_0267,12693106.966519982,2587424.936393483,12692402.414754096,2586821.5935439146,2021-08-16,18:20:15,18:30:14,599,927
sample_user1,od_0268,12681990.456772957,2574351.36268896,12681971.99722028,2573727.2506493647,2021-08-13,21:00:16,21:09:11,535,624
sample_user1,od_0269,12681170.399114039,2574614.123306341,12681977.561701588,2573734.877193387,2021-08-16,20:09:33,20:25:18,945,1193
sample_user1,od_0270,12681932.278066766,2574204.141896067,12681960.455323463,2573733.4957434637,2021-08-14,18:10:38,18:16:42,364,471
sample_user1,od_0271,12682109.013313577,2573966.2156247925,12682176.444416424,2574304.0426991866,2021-08-14,18:34:48,18:37:20,152,344
sample_user1,od_0272,12682012.298747733,2574012.6353663676,12681900.357313607,2574281.885085576,2021-08-16,07:45:06,07:47:14,128,291
sample_user1,od_0273,12692439.087704852,2586806.108604037,12693017.391077021,2587426.5405951883,2021-08-17,08:45:57,08:51:19,322,848
sample_user1,od_0274,12692462.033185419,2586756.142371264,12693053.77449835,2587480.347288526,2021-08-16,08:48:08,08:54:40,392,935
sample_user1,od_0275,12693154.161740422,2587428.8193175686,12692578.225936206,2587007.1310441657,2021-08-17,19:20:55,19:28:40,465,713
sample_user1,od_0276,12692460.362729091,2586756.985498723,12693007.727681888,2587422.1013251296,2021-08-18,08:45:56,08:52:00,364,861
sample_user1,od_0277,12693076.799287936,2587489.352732184,12692426.395006098,2586811.887016734,2021-08-18,19:01:05,19:08:25,440,939
sample_user1,od_0278,12681242.590844123,2574921.476560219,12681969.581699822,2573730.541128599,2021-08-18,20:18:24,20:39:15,1251,1395
sample_user1,od_0279,12692495.431257706,2586721.652351842,12692999.300360324,2587439.9617399937,2021-08-19,08:39:15,08:47:14,479,877
sample_user1,od_0280,12693075.635372307,2587430.686890058,12692423.44493125,2586815.7100004675,2021-08-19,19:07:08,19:15:53,525,896
sample_user1,od_0281,12682125.469886066,2574352.229133894,12681966.24285887,2573732.2289232356,2021-08-19,20:19:37,20:26:15,398,640
sample_user1,od_0282,12681969.329298139,2573728.0446434347,12681934.379817503,2574259.2452087807,2021-08-20,07:34:15,07:39:10,295,532
sample_user1,od_0283,12692541.632707639,2586676.7936563985,12693024.315943599,2587402.3117548404,2021-08-20,08:38:33,08:46:57,504,871
sample_user1,od_0284,12693010.750762204,2587466.2155292956,12692432.941164631,2586792.1327887997,2021-08-20,18:43:47,18:57:07,800,887
sample_user1,od_0285,12681999.165771352,2573738.7228802764,12681931.841815505,2574263.5963450884,2021-08-21,13:28:05,13:32:36,271,529
sample_user1,od_0286,12681936.600144003,2574284.168977002,12681975.948240856,2573739.662065903,2021-08-21,14:50:58,14:57:58,420,545
sample_user1,od_0287,12681707.798641557,2573914.6115888706,12681926.44486356,2574262.1632780256,2021-08-23,07:39:47,07:45:58,371,410
sample_user1,od_0288,12692460.362729091,2586756.985498723,12693067.400827758,2587436.2180596646,2021-08-23,08:46:00,08:52:52,412,910
sample_user1,od_0289,12693202.307570865,2587408.2201690907,12692444.415825022,2586799.614744829,2021-08-23,19:48:44,19:56:09,445,972
sample_user1,od_0290,12692496.210984034,2586720.808329718,12693056.813510988,2587425.91736274,2021-08-24,08:40:19,08:47:51,452,900
sample_user1,od_0291,12693152.28291888,2587399.388930937,12692447.379965123,2586802.2162682638,2021-08-24,19:27:21,19:34:15,414,923
sample_user1,od_0292,12681936.704669433,2574208.762369394,12681971.02848383,2573741.409784333,2021-08-24,20:35:21,20:40:02,281,468
sample_user1,od_0293,12692406.216611631,2586707.3729651608,12693056.334774276,2587388.7100645867,2021-08-25,08:38:18,08:44:51,393,941
sample_user1,od_0294,12693114.986542745,2587385.8762616,12692460.01627957,2586792.9315957134,2021-08-25,19:08:45,19:19:13,628,883
sample_user1,od_0295,12681932.278066766,2574204.141896067,12681964.339788813,2573723.7576640393,2021-08-25,20:22:41,20:28:16,335,481
sample_user1,od_0296,12681924.2648026,2573584.371760096,12681949.459803123,2574252.2278574985,2021-08-26,07:34:09,07:40:00,351,668
sample_user1,od_0297,12692455.687295109,2586787.9804971544,12693015.665922882,2587447.3091033357,2021-08-26,08:41:18,08:48:03,405,865
sample_user1,od_0298,12693169.785171824,2587466.0574957244,12692455.687295109,2586787.9804971544,2021-08-26,18:19:39,18:28:43,544,984
sample_user1,od_0299,12681932.278066766,2574204.141896067,12681974.590395007,2573729.960968543,2021-08-26,19:32:04,19:37:50,346,476
sample_user1,od_0300,12681932.278635114,2573583.5263247536,12681920.33476745,2574260.344294376,2021-08-27,07:42:34,07:48:29,355,676
sample_user1,od_0301,12692460.362729091,2586756.985498723,12693025.829781797,2587386.101998447,2021-08-27,08:46:36,08:53:24,408,845
sample_user1,od_0302,12681999.165564874,2573723.17682673,12681921.04697715,2574257.464492031,2021-08-28,06:57:21,07:00:50,209,539
sample_user1,od_0303,12692459.47194951,2586813.4271428077,12693067.301610641,2587405.1148128933,2021-08-28,08:02:55,08:08:15,320,848
sample_user2,od_0000,12691853.378744228,2576658.5064485003,12691836.783449862,2577656.66807355,2021-07-10,17:41:15,17:54:24,789,998
sample_user2,od_0001,12691840.453441659,2576674.0436105668,12691821.576251777,2577612.791594886,2021-07-11,06:31:31,06:42:37,666,938
sample_user2,od_0002,12691975.504244894,2577214.8943750756,12691922.616181817,2576606.447251031,2021-07-11,20:31:53,20:37:56,363,610
sample_user2,od_0003,12691797.798597123,2576646.3235157058,12691800.657833293,2577621.80660278,2021-07-12,06:33:27,06:40:43,436,975
sample_user2,od_0004,12691931.87360678,2577353.262086307,12692235.189752083,2576924.7849751045,2021-07-12,20:26:33,20:34:19,466,524
sample_user2,od_0005,12691851.600421641,2576664.527198888,12691839.532645158,2577627.4379340555,2021-07-13,06:31:10,06:38:23,433,962
sample_user2,od_0006,12691885.422488688,2577323.819299591,12691849.018165383,2576669.0090314937,2021-07-13,20:27:45,20:33:44,359,655
sample_user2,od_0007,12691847.262155512,2576673.3352038763,12691816.343050309,2577600.762768094,2021-07-14,06:36:16,06:42:28,372,927
sample_user2,od_0008,12691975.835183965,2577214.992168357,12691971.455081223,2576657.3246815186,2021-07-14,20:26:14,20:31:59,345,557
sample_user2,od_0009,12691852.263567869,2576661.877287062,12691835.190458454,2577664.9001906854,2021-07-15,06:35:12,06:42:47,455,1003
sample_user2,od_0010,12691811.867703056,2577636.7417376502,12691614.164290791,2576780.1103659975,2021-07-15,17:27:35,17:37:25,590,879
sample_user2,od_0011,12691847.383585257,2576666.9279766725,12691835.736049842,2577640.8776680985,2021-07-16,06:40:43,06:48:19,456,974
sample_user2,od_0012,12691888.766241644,2577325.150220913,12691840.435207281,2576663.222175207,2021-07-16,20:29:44,20:36:04,380,663
sample_user2,od_0013,12691849.041008659,2576658.3899429953,12691948.387797255,2577347.3841768894,2021-07-17,06:39:41,06:51:21,700,696
sample_user2,od_0014,12691974.14795129,2577220.0642478243,12691835.113273948,2576611.804688762,2021-07-17,20:36:49,20:43:11,382,623
sample_user2,od_0015,12691847.262665778,2576664.7698441194,12691815.181580868,2577635.6513756867,2021-07-18,06:38:38,06:49:25,647,971
sample_user2,od_0016,12691926.183339814,2577294.5281475033,12691883.072440542,2576580.783870466,2021-07-18,20:35:03,20:41:32,389,715
sample_user2,od_0017,12691862.297507714,2576620.1627087677,12691817.912690101,2577611.609942009,2021-07-19,06:37:00,06:45:27,507,992
sample_user2,od_0018,12691809.278365519,2577629.851011363,12691897.946076922,2576540.457142623,2021-07-19,17:31:58,17:41:12,554,1092
sample_user2,od_0019,12691877.542535199,2576589.807680662,12691825.950743651,2577629.4260159777,2021-07-20,06:34:41,06:44:15,574,1040
sample_user2,od_0020,12691802.499821238,2577628.074152824,12691806.725170651,2576643.4775961423,2021-07-20,20:29:42,20:36:59,437,984
sample_user2,od_0021,12691857.806299422,2576660.911348252,12691993.352388488,2577412.8483697437,2021-07-21,06:40:31,06:47:00,389,764
sample_user2,od_0022,12691819.971207902,2577636.9777248353,12691867.398028197,2576604.346530297,2021-07-21,10:20:31,10:29:54,563,1033
sample_user2,od_0023,12691906.584178567,2576591.1554281763,12691814.70682734,2576675.719233486,2021-07-21,14:50:04,14:51:13,69,124
sample_user2,od_0024,12691853.467778144,2576673.937550037,12691815.119214304,2577638.6225324734,2021-07-21,14:51:35,14:59:07,452,965
sample_user2,od_0025,12691803.041607736,2577630.5902256095,12691850.142160932,2576573.514085911,2021-07-21,20:30:32,20:40:19,587,1058
sample_user2,od_0026,12691849.582446354,2576666.822226946,12691809.864088628,2577621.867952068,2021-07-22,06:34:59,06:43:08,489,955
sample_user2,od_0027,12691998.869897485,2577408.436797459,12691806.836592661,2576581.345729283,2021-07-22,17:31:00,17:38:32,452,849
sample_user2,od_0028,12691864.948877556,2576611.39258366,12691977.188406399,2577429.046807607,2021-07-23,06:39:29,06:45:34,365,825
sample_user2,od_0029,12691997.875726512,2577412.1665206705,12692160.455484409,2576631.3519368176,2021-07-23,17:25:46,17:34:06,500,797
sample_user2,od_0030,12691846.242466776,2576602.460696769,12692008.04822209,2577397.143901477,2021-07-24,06:38:28,06:44:54,386,810
sample_user2,od_0031,12692096.385576118,2577441.611971716,12691843.072570322,2576684.3759847474,2021-07-24,20:22:54,20:29:16,382,798
sample_user2,od_0032,12691850.60814005,2576636.9047476565,12692001.513610264,2577417.2364584925,2021-07-25,06:38:41,06:45:01,380,794
sample_user2,od_0033,12691805.18075325,2577626.005909864,12691791.996573215,2577048.6484323386,2021-07-25,20:26:13,20:31:47,334,577
sample_user2,od_0034,12691792.593412379,2577040.459471865,12691867.442875756,2576522.629415837,2021-07-25,20:43:13,20:46:54,221,523
sample_user2,od_0035,12691852.926735627,2576658.8670208785,12691982.977300243,2577417.5366822165,2021-07-26,06:40:57,06:46:57,360,769
sample_user2,od_0036,12691770.748855438,2577609.506188309,12691856.599541318,2576579.7583613186,2021-07-26,20:28:48,20:38:48,600,1033
sample_user2,od_0037,12691859.736131554,2576646.912910421,12691989.456604106,2577412.077144933,2021-07-27,06:45:16,06:50:55,339,776
sample_user2,od_0038,12691820.062308282,2577636.355524677,12691326.100753251,2577467.498821655,2021-07-27,06:59:40,07:15:19,939,522
sample_user2,od_0039,12691000.50754109,2577378.732117174,12691838.28586522,2577658.897890377,2021-07-27,09:36:05,09:51:01,896,883
sample_user2,od_0040,12691996.429995473,2577408.5745922173,12691728.017456489,2576412.929650408,2021-07-27,17:23:45,17:29:21,336,1031
sample_user2,od_0041,12691853.58959371,2576661.0559873325,12691999.030772347,2577411.052879569,2021-07-28,06:43:05,06:50:08,423,763
sample_user2,od_0042,12691890.21240745,2577321.0587104456,12691845.845368888,2576613.167708761,2021-07-28,20:28:40,20:37:30,530,709
sample_user2,od_0043,12691860.518454809,2576657.04496888,12691978.13475698,2577407.74958312,2021-07-29,06:39:27,06:48:27,540,759
sample_user2,od_0044,12691816.537478628,2577636.5956376907,12691880.367138704,2576599.947753892,2021-07-29,14:30:43,14:38:01,438,1038
sample_user2,od_0045,12691871.276528645,2576595.809977776,12691832.552188765,2577621.748213871,2021-07-29,15:13:40,15:21:56,496,1026
sample_user2,od_0046,12691957.909259826,2577242.1190455044,12691817.601883166,2576677.2262472496,2021-07-29,20:30:11,20:36:47,396,582
sample_user2,od_0047,12691854.8249456,2576653.695560652,12691982.442406693,2577410.931205883,2021-07-30,06:41:21,06:46:29,308,767
sample_user2,od_0048,12692000.978577502,2577412.9414344463,12691853.804522533,2576669.695389773,2021-07-30,20:24:24,20:33:11,527,757
sample_user2,od_0049,12691873.656457594,2576594.9853698253,12691986.962254558,2577450.0453569135,2021-07-31,06:42:14,06:48:44,390,862
sample_user2,od_0050,12691989.531688444,2577400.7174858,12691803.77529591,2576704.742425279,2021-07-31,17:22:41,17:30:52,491,720
sample_user2,od_0051,12691865.85313408,2576606.681035274,12691970.19660213,2577387.7999308547,2021-08-01,06:45:06,06:51:46,400,788
sample_user2,od_0052,12691986.187805582,2577400.7279455415,12691830.760270355,2576588.5436558747,2021-08-01,20:25:06,20:32:53,467,826
sample_user2,od_0053,12691865.160044888,2576608.6127355886,12691980.361021604,2577433.0250362507,2021-08-02,06:41:24,06:47:27,363,832
sample_user2,od_0054,12691976.487809839,2577389.052974355,12691863.823878651,2576649.1224345765,2021-08-02,20:22:49,20:30:59,490,748
sample_user2,od_0055,12691853.592741126,2576608.223703611,12691986.517105523,2577409.7023666273,2021-08-03,06:37:45,06:43:50,365,812
sample_user2,od_0056,12691925.852352489,2577295.281254033,12691818.903901495,2576594.604594536,2021-08-03,20:27:34,20:33:01,327,708
sample_user2,od_0057,12691845.579508074,2576601.972269504,12691985.371254249,2577387.018447957,2021-08-04,06:46:10,06:51:44,334,797
sample_user2,od_0058,12691986.84984083,2577398.3057455015,12691877.295198647,2576603.189748979,2021-08-04,17:28:32,17:34:25,353,802
sample_user2,od_0059,12691877.542276138,2576594.156027485,12693367.477808727,2576532.4922675323,2021-08-04,17:53:16,18:24:11,1855,1491
sample_user2,od_0060,12693224.396719519,2576486.5090738717,12691887.347413402,2576572.2268074877,2021-08-04,19:05:40,19:19:49,849,1339
sample_user2,od_0061,12692089.91873571,2576770.4922741605,12691976.91031278,2577399.420359586,2021-08-05,06:42:54,06:49:09,375,639
sample_user2,od_0062,12692046.283886334,2576966.5932843774,12691828.823713763,2576603.7050972255,2021-08-05,20:31:43,20:38:14,391,423
sample_user2,od_0063,12691845.579486677,2576602.3314180626,12691983.7786515,2577425.408039626,2021-08-06,06:43:43,06:50:50,427,834
sample_user2,od_0064,12692004.111161647,2577417.9671542123,12691847.492777945,2576623.593503477,2021-08-06,17:25:28,17:33:33,485,809
sample_user2,od_0065,12691875.976490434,2576592.950934526,12692002.315228809,2577364.7685178695,2021-08-07,06:43:53,06:50:21,388,782
sample_user2,od_0066,12692022.788823139,2577432.0981538305,12691876.10332438,2576607.685264093,2021-08-07,17:25:47,17:33:15,448,837
sample_user2,od_0067,12691857.475274445,2576662.3513986473,12691985.125890596,2577385.860977254,2021-08-08,06:47:08,06:52:53,345,734
sample_user2,od_0068,12691999.652637864,2577411.8343442227,12691817.156438794,2576586.0712934393,2021-08-08,17:25:47,17:31:47,360,845
sample_user2,od_0069,12691875.976490434,2576592.950934526,12691990.302206857,2577404.194614471,2021-08-09,06:43:29,06:49:14,345,819
sample_user2,od_0070,12692006.337752938,2577456.5389076807,12691815.01882811,2576676.683615364,2021-08-09,17:23:04,17:28:47,343,802
sample_user2,od_0071,12691866.184831725,2576612.59750766,12691963.973556263,2577398.262848429,2021-08-10,06:45:01,06:51:15,374,791
sample_user2,od_0072,12691993.326719824,2577414.9600382065,12691833.988636771,2576606.26071165,2021-08-10,17:23:30,17:32:03,513,824
sample_user2,od_0073,12691865.7339792,2576593.5387460077,12691985.816402745,2577408.7379528373,2021-08-11,06:46:09,06:52:21,372,823
sample_user2,od_0074,12691832.3305264,2576495.8919270914,12691986.818193115,2577407.56934797,2021-08-12,06:44:17,06:50:20,363,924
sample_user2,od_0075,12691985.402660327,2577419.0718074306,12691814.762378534,2576619.373595903,2021-08-11,18:38:00,18:44:33,393,817
sample_user2,od_0076,12692092.378590163,2577442.2125987243,12691848.015958251,2576602.946832538,2021-08-12,17:24:19,17:33:31,552,874
sample_user2,od_0077,12691811.194650682,2576799.1552821132,12691961.413121512,2577427.20275757,2021-08-13,06:43:09,06:48:58,349,645
sample_user2,od_0078,12691810.94370421,2577469.674937031,12691896.443317026,2576525.1498969737,2021-08-13,17:26:32,17:35:44,552,948
sample_user2,od_0079,12691991.971016973,2577410.1577635286,12691815.932096643,2576595.1466612327,2021-08-15,20:23:17,20:31:31,494,833
sample_user2,od_0080,12691556.572590284,2577476.6609244463,12691346.751483709,2577476.359739735,2021-08-14,13:14:47,13:18:26,219,209
sample_user2,od_0081,12691411.286601856,2577470.749555648,12691785.9493051,2576944.653451307,2021-08-14,15:03:17,15:16:32,795,645
sample_user2,od_0082,12691902.033119742,2576610.785494068,12692018.623897346,2577400.243289947,2021-08-16,06:39:39,06:45:03,324,798
sample_user2,od_0083,12691884.324181471,2576540.7470122306,12691540.711678475,2577436.0368261826,2021-08-14,10:54:03,11:02:56,533,958
sample_user2,od_0084,12691973.726243032,2577214.9987693196,12691882.393866252,2576674.5793167627,2021-08-16,20:31:32,20:37:18,346,548
sample_user2,od_0085,12691831.457649546,2576495.8946774695,12691985.615352739,2577409.401466056,2021-08-15,06:44:00,06:50:09,369,926
sample_user2,od_0086,12691869.288029596,2576606.540068466,12691993.797819296,2577411.2090498284,2021-08-17,06:43:10,06:49:38,388,814
sample_user2,od_0087,12691857.686275978,2576662.35073457,12691986.1280664,2577415.4875511522,2021-08-18,06:38:01,06:44:54,413,764
sample_user2,od_0088,12691999.743567154,2577414.12281897,12691843.095613856,2576614.469544529,2021-08-17,17:27:39,17:37:07,568,814
sample_user2,od_0089,12691840.787810227,2576635.104975544,12691984.335751457,2577413.462321408,2021-08-19,06:37:37,06:43:06,329,791
sample_user2,od_0090,12691891.417305915,2577321.6756220115,12691836.412912909,2576606.4663937944,2021-08-18,20:28:01,20:35:25,444,717
sample_user2,od_0091,12691991.880559104,2577418.593552186,12691832.964892201,2576603.5004217457,2021-08-19,17:33:54,17:42:02,488,830
sample_user2,od_0092,12691864.617061513,2576626.1054706485,12691990.803703893,2577412.150067274,2021-08-20,06:39:38,06:45:37,359,796
sample_user2,od_0093,12691999.743810773,2577410.035834814,12691836.215270048,2576605.935524767,2021-08-20,17:31:00,17:46:30,930,820
sample_user2,od_0094,12691857.14452807,2576659.115273075,12691978.357097656,2577403.8921067556,2021-08-21,06:45:28,06:51:22,354,754
sample_user2,od_0095,12691989.079232302,2577408.43487211,12691826.785847627,2576604.452715421,2021-08-21,17:27:10,17:34:48,458,820
sample_user2,od_0096,12691853.378592303,2576661.056651537,12691989.857486304,2577375.2906633103,2021-08-22,06:44:58,06:50:55,357,727
sample_user2,od_0097,12691999.32162152,2577413.0129027534,12691838.34203877,2576604.224677258,2021-08-22,17:26:44,17:34:02,438,824
sample_user2,od_0098,12691880.527457595,2576555.928713273,12691984.034931868,2577411.10098371,2021-08-23,06:34:32,06:40:57,385,861
sample_user2,od_0099,12691981.51811515,2577397.5052711996,12691847.181615843,2576608.52710902,2021-08-23,21:14:13,21:21:16,423,800
sample_user2,od_0100,12691831.667561166,2576495.5348694283,12691989.957688885,2577408.316421068,2021-08-24,06:37:02,06:43:23,381,926
sample_user2,od_0101,12692089.275433812,2577445.8187099574,12691840.891081354,2576616.602455378,2021-08-24,20:27:34,20:34:46,432,865
sample_user2,od_0102,12691883.540476587,2576553.7607396906,12691980.483880287,2577402.687439072,2021-08-25,06:44:26,06:50:17,351,854
sample_user2,od_0103,12691975.913809229,2577405.076071418,12691826.696805682,2576607.8034423767,2021-08-25,20:27:41,20:34:55,434,811
sample_user2,od_0104,12691884.984292377,2576589.097323592,12691989.601127233,2577409.545680041,2021-08-26,06:39:19,06:45:40,381,827
sample_user2,od_0105,12691993.41711924,2577407.50531987,12691850.354409374,2576608.5038621854,2021-08-26,17:24:29,17:32:24,475,811
sample_user2,od_0106,12691870.61554056,2576562.2039915305,12691980.695044378,2577400.023189828,2021-08-27,06:42:56,06:49:59,423,845
sample_user2,od_0107,12691984.409748308,2577401.7145763733,12691869.557213478,2576617.893381521,2021-08-27,20:39:05,20:47:17,492,792
sample_user2,od_0108,12691830.428034142,2576573.053126033,12691987.285631282,2577409.3407997913,2021-08-28,06:41:00,06:47:41,401,850
